other,10
AllSaints,15
&OtherStories,10
Abercrombie & Fitch,10
Accessorize,10
Acne Studios,30
Adidas,15
American Eagle Outfitters,15
Armani,40
Armani Exchange,30
Anthropologie,30
ASOS,10
Bench,15
Bershka,10
Boden,10
Brora,25
Burberry,35
Boohoo,0
BoohooMAN,0
Calvin Klein,20
Champion,15
Chloe,35
Coach,35
Coast,25
Comme des Garcons,30
Cos,10
Desigual,15
Diesel,30
DKNY,30
Dolce & Gabbana,35
Dorothy Perkins,10
Fashion Nova,0
Fat Face,10
Fendi,35
Forever 21,0
Fred Perry,20
French Connection,20
Furla,30
Fila,20
GANT,25
GAP,10
George,10
Gucci,40